time,conn_handle,peer_addr,dir,op,att_handle,uuid,value
Oct 28 09:43:09.189,0x0041,F8:30:02:08:DF:00,Send,Exchange MTU Request,,,
Oct 28 09:43:09.247,0x0041,F8:30:02:08:DF:00,Receive,Exchange MTU Response,,,
Oct 28 09:43:09.247,0x0041,F8:30:02:08:DF:00,Send,Read By Group Type Request,0x0001,,
Oct 28 09:43:09.308,0x0041,F8:30:02:08:DF:00,Receive,Read By Group Type Response,,,
Oct 28 09:43:09.308,0x0041,F8:30:02:08:DF:00,Send,Read By Group Type Request,0x0023,,
Oct 28 09:43:09.367,0x0041,F8:30:02:08:DF:00,Receive,Read By Group Type Response,,,
Oct 28 09:43:09.368,0x0041,F8:30:02:08:DF:00,Send,Read By Type Request,0x000C,,
Oct 28 09:43:09.427,0x0041,F8:30:02:08:DF:00,Receive,Read By Type Response,,,
Oct 28 09:43:09.428,0x0041,F8:30:02:08:DF:00,Send,Find Information Request,0x000F,,
Oct 28 09:43:09.487,0x0041,F8:30:02:08:DF:00,Receive,Find Information Response,,,
Oct 28 09:43:09.488,0x0041,F8:30:02:08:DF:00,Send,Write Request,0x000F,,
Oct 28 09:43:09.547,0x0041,F8:30:02:08:DF:00,Receive,Write Response,,,
Oct 28 09:43:09.549,0x0041,F8:30:02:08:DF:00,Send,Read By Type Request,0x0023,,
Oct 28 09:43:09.608,0x0041,F8:30:02:08:DF:00,Receive,Read By Type Response,,,
Oct 28 09:43:09.608,0x0041,F8:30:02:08:DF:00,Send,Read By Type Request,0x002D,,
Oct 28 09:43:09.667,0x0041,F8:30:02:08:DF:00,Receive,Read By Type Response,,,
Oct 28 09:43:09.668,0x0041,F8:30:02:08:DF:00,Send,Read By Type Request,0x0031,,
Oct 28 09:43:09.727,0x0041,F8:30:02:08:DF:00,Receive,Error Response,0x0031,,
Oct 28 09:43:09.731,0x0041,F8:30:02:08:DF:00,Send,Find Information Request,0x002D,,
Oct 28 09:43:09.787,0x0041,F8:30:02:08:DF:00,Receive,Find Information Response,,,
Oct 28 09:43:09.788,0x0041,F8:30:02:08:DF:00,Send,Write Request,0x002D,FFF3,
Oct 28 09:43:09.847,0x0041,F8:30:02:08:DF:00,Receive,Write Response,,,
Oct 28 09:43:09.848,0x0041,F8:30:02:08:DF:00,Send,Find Information Request,0x0031,,
Oct 28 09:43:09.937,0x0041,F8:30:02:08:DF:00,Receive,Find Information Response,,,
Oct 28 09:43:09.938,0x0041,F8:30:02:08:DF:00,Send,Find Information Request,0x0033,,
Oct 28 09:43:09.997,0x0041,F8:30:02:08:DF:00,Receive,Error Response,0x0033,,
Oct 28 09:43:09.998,0x0041,F8:30:02:08:DF:00,Send,Write Request,0x0031,FFF4,
Oct 28 09:43:10.058,0x0041,F8:30:02:08:DF:00,Receive,Write Response,,,
Oct 28 09:43:10.058,0x0041,F8:30:02:08:DF:00,Send,Find Information Request,0x0029,,
Oct 28 09:43:10.118,0x0041,F8:30:02:08:DF:00,Receive,Find Information Response,,,
Oct 28 09:43:10.118,0x0041,F8:30:02:08:DF:00,Send,Write Request,0x0029,FFF2,
Oct 28 09:43:10.178,0x0041,F8:30:02:08:DF:00,Receive,Write Response,,,
Oct 28 09:43:10.180,0x0041,F8:30:02:08:DF:00,Send,Write Request,0x0025,FFF1,0000000000
Oct 28 09:43:10.237,0x0041,F8:30:02:08:DF:00,Receive,Handle Value Notification,0x002C,FFF3,010000000000000000
Oct 28 09:43:10.238,0x0041,F8:30:02:08:DF:00,Receive,Write Response,,,
Oct 28 09:43:10.239,0x0041,F8:30:02:08:DF:00,Send,Write Request,0x0025,FFF1,0204000000
Oct 28 09:43:10.268,0x0041,F8:30:02:08:DF:00,Receive,Handle Value Notification,0x0028,FFF2,000000000A00
Oct 28 09:43:10.297,0x0041,F8:30:02:08:DF:00,Receive,Handle Value Notification,0x002C,FFF3,040000000000000000
Oct 28 09:43:10.298,0x0041,F8:30:02:08:DF:00,Receive,Write Response,,,
Oct 28 09:43:10.300,0x0041,F8:30:02:08:DF:00,Send,Write Request,0x0025,FFF1,0300000000
Oct 28 09:43:10.357,0x0041,F8:30:02:08:DF:00,Receive,Handle Value Notification,0x002C,FFF3,060000000000000000
Oct 28 09:43:10.358,0x0041,F8:30:02:08:DF:00,Receive,Write Response,,,
Oct 28 09:43:10.360,0x0041,F8:30:02:08:DF:00,Send,Write Request,0x0025,FFF1,0501000000
Oct 28 09:43:10.388,0x0041,F8:30:02:08:DF:00,Receive,Handle Value Notification,0x0028,FFF2,000000000A00
Oct 28 09:43:10.417,0x0041,F8:30:02:08:DF:00,Receive,Handle Value Notification,0x002C,FFF3,0882668C7BBF402750
Oct 28 09:43:10.418,0x0041,F8:30:02:08:DF:00,Receive,Write Response,,,
Oct 28 09:43:10.507,0x0041,F8:30:02:08:DF:00,Receive,Handle Value Notification,0x0028,FFF2,000000000A00
Oct 28 09:43:10.628,0x0041,F8:30:02:08:DF:00,Receive,Handle Value Notification,0x0028,FFF2,000000000A00
Oct 28 09:43:10.748,0x0041,F8:30:02:08:DF:00,Receive,Handle Value Notification,0x0028,FFF2,000000000A00
Oct 28 09:43:10.867,0x0041,F8:30:02:08:DF:00,Receive,Handle Value Notification,0x0028,FFF2,000000000A00
Oct 28 09:43:10.962,0x0041,F8:30:02:08:DF:00,Receive,Handle Value Notification,0x002C,FFF3,0A0000000000000000
Oct 28 09:43:11.000,0x0041,F8:30:02:08:DF:00,Receive,Handle Value Notification,0x0028,FFF2,000000000A00
Oct 28 09:43:11.112,0x0041,F8:30:02:08:DF:00,Receive,Handle Value Notification,0x0028,FFF2,000000000A00
Oct 28 09:43:11.225,0x0041,F8:30:02:08:DF:00,Receive,Handle Value Notification,0x0028,FFF2,000000000A00
Oct 28 09:43:11.338,0x0041,F8:30:02:08:DF:00,Receive,Handle Value Notification,0x0028,FFF2,000000000A00
Oct 28 09:43:11.450,0x0041,F8:30:02:08:DF:00,Receive,Handle Value Notification,0x0028,FFF2,000000000A00
Oct 28 09:43:11.600,0x0041,F8:30:02:08:DF:00,Receive,Handle Value Notification,0x0028,FFF2,000000000A00
Oct 28 09:43:11.712,0x0041,F8:30:02:08:DF:00,Receive,Handle Value Notification,0x0028,FFF2,000000000A00
Oct 28 09:43:11.825,0x0041,F8:30:02:08:DF:00,Receive,Handle Value Notification,0x0028,FFF2,000000000A00
Oct 28 09:43:11.938,0x0041,F8:30:02:08:DF:00,Receive,Handle Value Notification,0x0028,FFF2,000000000A00
Oct 28 09:43:12.036,0x0041,F8:30:02:08:DF:00,Send,Write Request,0x0025,FFF1,001B00147536
Oct 28 09:43:12.050,0x0041,F8:30:02:08:DF:00,Receive,Handle Value Notification,0x0028,FFF2,000000000A00
Oct 28 09:43:12.087,0x0041,F8:30:02:08:DF:00,Receive,Write Response,,,
Oct 28 09:43:12.088,0x0041,F8:30:02:08:DF:00,Send,Write Request,0x0025,FFF1,001B000DFBED
Oct 28 09:43:12.162,0x0041,F8:30:02:08:DF:00,Receive,Write Response,,,
Oct 28 09:43:12.164,0x0041,F8:30:02:08:DF:00,Send,Write Request,0x0025,FFF1,001B000BDF68
Oct 28 09:43:12.200,0x0041,F8:30:02:08:DF:00,Receive,Handle Value Notification,0x0028,FFF2,000000000A00
Oct 28 09:43:12.238,0x0041,F8:30:02:08:DF:00,Receive,Write Response,,,
Oct 28 09:43:12.238,0x0041,F8:30:02:08:DF:00,Send,Write Request,0x0025,FFF1,001B000B4F0B
Oct 28 09:43:12.312,0x0041,F8:30:02:08:DF:00,Receive,Write Response,,,
Oct 28 09:43:12.313,0x0041,F8:30:02:08:DF:00,Receive,Handle Value Notification,0x0028,FFF2,000000000A00
Oct 28 09:43:12.313,0x0041,F8:30:02:08:DF:00,Send,Write Request,0x0025,FFF1,001B000B1C44
Oct 28 09:43:12.387,0x0041,F8:30:02:08:DF:00,Receive,Write Response,,,
Oct 28 09:43:12.388,0x0041,F8:30:02:08:DF:00,Send,Write Request,0x0025,FFF1,001B000B1C44
Oct 28 09:43:12.425,0x0041,F8:30:02:08:DF:00,Receive,Handle Value Notification,0x0028,FFF2,000000000A00
Oct 28 09:43:12.462,0x0041,F8:30:02:08:DF:00,Receive,Write Response,,,
Oct 28 09:43:12.538,0x0041,F8:30:02:08:DF:00,Receive,Handle Value Notification,0x0028,FFF2,000000000A00
Oct 28 09:43:12.650,0x0041,F8:30:02:08:DF:00,Receive,Handle Value Notification,0x0028,FFF2,000000000A00
Oct 28 09:43:12.800,0x0041,F8:30:02:08:DF:00,Receive,Handle Value Notification,0x0028,FFF2,000000000A00
Oct 28 09:43:12.913,0x0041,F8:30:02:08:DF:00,Receive,Handle Value Notification,0x0028,FFF2,000000000A00
Oct 28 09:43:13.025,0x0041,F8:30:02:08:DF:00,Receive,Handle Value Notification,0x0028,FFF2,000000000A00
Oct 28 09:43:13.137,0x0041,F8:30:02:08:DF:00,Receive,Handle Value Notification,0x0028,FFF2,000000000A00
Oct 28 09:43:13.250,0x0041,F8:30:02:08:DF:00,Receive,Handle Value Notification,0x0028,FFF2,000000000A00
Oct 28 09:43:13.438,0x0041,F8:30:02:08:DF:00,Receive,Handle Value Notification,0x0028,FFF2,000000000A00
Oct 28 09:43:13.513,0x0041,F8:30:02:08:DF:00,Receive,Handle Value Notification,0x0028,FFF2,000000000A00
Oct 28 09:43:13.519,0x0041,F8:30:02:08:DF:00,Send,Read By Type Request,0x0001,,
Oct 28 09:43:13.588,0x0041,F8:30:02:08:DF:00,Receive,Read By Type Response,,,
Oct 28 09:43:13.625,0x0041,F8:30:02:08:DF:00,Receive,Handle Value Notification,0x0028,FFF2,000000000A00
Oct 28 09:43:13.737,0x0041,F8:30:02:08:DF:00,Receive,Handle Value Notification,0x0028,FFF2,000000000A00
Oct 28 09:43:13.850,0x0041,F8:30:02:08:DF:00,Receive,Handle Value Notification,0x0028,FFF2,000000000A00
Oct 28 09:43:13.886,0x0041,F8:30:02:08:DF:00,Send,Write Request,0x0025,FFF1,0008001D70A3
Oct 28 09:43:13.962,0x0041,F8:30:02:08:DF:00,Receive,Write Response,,,
Oct 28 09:43:13.964,0x0041,F8:30:02:08:DF:00,Send,Write Request,0x0025,FFF1,0008002A3D70
Oct 28 09:43:14.000,0x0041,F8:30:02:08:DF:00,Receive,Handle Value Notification,0x0028,FFF2,000000000A00
Oct 28 09:43:14.037,0x0041,F8:30:02:08:DF:00,Receive,Write Response,,,
Oct 28 09:43:14.039,0x0041,F8:30:02:08:DF:00,Send,Write Request,0x0025,FFF1,00080030A3D7
Oct 28 09:43:14.112,0x0041,F8:30:02:08:DF:00,Receive,Write Response,,,
Oct 28 09:43:14.113,0x0041,F8:30:02:08:DF:00,Receive,Handle Value Notification,0x0028,FFF2,000000000A00
Oct 28 09:43:14.114,0x0041,F8:30:02:08:DF:00,Send,Write Request,0x0025,FFF1,000800370A3D
Oct 28 09:43:14.188,0x0041,F8:30:02:08:DF:00,Receive,Write Response,,,
Oct 28 09:43:14.189,0x0041,F8:30:02:08:DF:00,Send,Write Request,0x0025,FFF1,0008003AE147
Oct 28 09:43:14.226,0x0041,F8:30:02:08:DF:00,Receive,Handle Value Notification,0x0028,FFF2,000000000A00
Oct 28 09:43:14.262,0x0041,F8:30:02:08:DF:00,Receive,Write Response,,,
Oct 28 09:43:14.265,0x0041,F8:30:02:08:DF:00,Send,Write Request,0x0025,FFF1,0008003AE147
Oct 28 09:43:14.337,0x0041,F8:30:02:08:DF:00,Receive,Write Response,,,
Oct 28 09:43:14.338,0x0041,F8:30:02:08:DF:00,Receive,Handle Value Notification,0x0028,FFF2,000000000A00
Oct 28 09:43:14.340,0x0041,F8:30:02:08:DF:00,Send,Write Request,0x0025,FFF1,0008003AE147
Oct 28 09:43:14.412,0x0041,F8:30:02:08:DF:00,Receive,Write Response,,,
Oct 28 09:43:14.415,0x0041,F8:30:02:08:DF:00,Send,Write Request,0x0025,FFF1,0008003AE147
Oct 28 09:43:14.451,0x0041,F8:30:02:08:DF:00,Receive,Handle Value Notification,0x0028,FFF2,000000000A00
Oct 28 09:43:14.488,0x0041,F8:30:02:08:DF:00,Receive,Write Response,,,
Oct 28 09:43:14.490,0x0041,F8:30:02:08:DF:00,Send,Write Request,0x0025,FFF1,0008003AE147
Oct 28 09:43:14.563,0x0041,F8:30:02:08:DF:00,Receive,Write Response,,,
Oct 28 09:43:14.565,0x0041,F8:30:02:08:DF:00,Send,Write Request,0x0025,FFF1,000800370A3D
Oct 28 09:43:14.601,0x0041,F8:30:02:08:DF:00,Receive,Handle Value Notification,0x0028,FFF2,000000000A00
Oct 28 09:43:14.638,0x0041,F8:30:02:08:DF:00,Receive,Write Response,,,
Oct 28 09:43:14.641,0x0041,F8:30:02:08:DF:00,Send,Write Request,0x0025,FFF1,0008002E147A
Oct 28 09:43:14.712,0x0041,F8:30:02:08:DF:00,Receive,Write Response,,,
Oct 28 09:43:14.713,0x0041,F8:30:02:08:DF:00,Receive,Handle Value Notification,0x0028,FFF2,000000000A00
Oct 28 09:43:14.716,0x0041,F8:30:02:08:DF:00,Send,Write Request,0x0025,FFF1,0008002A3D70
Oct 28 09:43:14.788,0x0041,F8:30:02:08:DF:00,Receive,Write Response,,,
Oct 28 09:43:14.790,0x0041,F8:30:02:08:DF:00,Send,Write Request,0x0025,FFF1,00080028F5C2
Oct 28 09:43:14.826,0x0041,F8:30:02:08:DF:00,Receive,Handle Value Notification,0x0028,FFF2,000000000A00
Oct 28 09:43:14.863,0x0041,F8:30:02:08:DF:00,Receive,Write Response,,,
Oct 28 09:43:14.864,0x0041,F8:30:02:08:DF:00,Send,Write Request,0x0025,FFF1,00080028F5C2
Oct 28 09:43:14.938,0x0041,F8:30:02:08:DF:00,Receive,Write Response,,,
Oct 28 09:43:14.938,0x0041,F8:30:02:08:DF:00,Receive,Handle Value Notification,0x0028,FFF2,000000000A00
Oct 28 09:43:14.940,0x0041,F8:30:02:08:DF:00,Send,Write Request,0x0025,FFF1,00080028F5C2
Oct 28 09:43:15.013,0x0041,F8:30:02:08:DF:00,Receive,Write Response,,,
Oct 28 09:43:15.014,0x0041,F8:30:02:08:DF:00,Send,Write Request,0x0025,FFF1,00080028F5C2
Oct 28 09:43:15.051,0x0041,F8:30:02:08:DF:00,Receive,Handle Value Notification,0x0028,FFF2,000000000A00
Oct 28 09:43:15.088,0x0041,F8:30:02:08:DF:00,Receive,Write Response,,,
Oct 28 09:43:15.200,0x0041,F8:30:02:08:DF:00,Receive,Handle Value Notification,0x0028,FFF2,000000000A00
Oct 28 09:43:15.313,0x0041,F8:30:02:08:DF:00,Receive,Handle Value Notification,0x0028,FFF2,000000000A00
Oct 28 09:43:15.425,0x0041,F8:30:02:08:DF:00,Receive,Handle Value Notification,0x0028,FFF2,000000000A00
Oct 28 09:43:15.538,0x0041,F8:30:02:08:DF:00,Receive,Handle Value Notification,0x0028,FFF2,000000000A00
Oct 28 09:43:15.650,0x0041,F8:30:02:08:DF:00,Receive,Handle Value Notification,0x0028,FFF2,000000000A00
Oct 28 09:43:15.800,0x0041,F8:30:02:08:DF:00,Receive,Handle Value Notification,0x0028,FFF2,000000000A00
Oct 28 09:43:15.913,0x0041,F8:30:02:08:DF:00,Receive,Handle Value Notification,0x0028,FFF2,000000000A00
Oct 28 09:43:16.026,0x0041,F8:30:02:08:DF:00,Receive,Handle Value Notification,0x0028,FFF2,000000000A00
Oct 28 09:43:16.137,0x0041,F8:30:02:08:DF:00,Receive,Handle Value Notification,0x0028,FFF2,000000000A00
Oct 28 09:43:16.250,0x0041,F8:30:02:08:DF:00,Receive,Handle Value Notification,0x0028,FFF2,000000000A00
Oct 28 09:43:16.400,0x0041,F8:30:02:08:DF:00,Receive,Handle Value Notification,0x0028,FFF2,000000000A00
Oct 28 09:43:16.513,0x0041,F8:30:02:08:DF:00,Receive,Handle Value Notification,0x0028,FFF2,000000000A00
Oct 28 09:43:16.625,0x0041,F8:30:02:08:DF:00,Receive,Handle Value Notification,0x0028,FFF2,000000000A00
Oct 28 09:43:16.738,0x0041,F8:30:02:08:DF:00,Receive,Handle Value Notification,0x0028,FFF2,000000000A00
Oct 28 09:43:16.850,0x0041,F8:30:02:08:DF:00,Receive,Handle Value Notification,0x0028,FFF2,000000000A00
Oct 28 09:43:17.000,0x0041,F8:30:02:08:DF:00,Receive,Handle Value Notification,0x0028,FFF2,000000000A00
Oct 28 09:43:17.113,0x0041,F8:30:02:08:DF:00,Receive,Handle Value Notification,0x0028,FFF2,000000000A00
Oct 28 09:43:17.225,0x0041,F8:30:02:08:DF:00,Receive,Handle Value Notification,0x0028,FFF2,000000000A00
Oct 28 09:43:17.338,0x0041,F8:30:02:08:DF:00,Receive,Handle Value Notification,0x0028,FFF2,000000000A00
Oct 28 09:43:17.450,0x0041,F8:30:02:08:DF:00,Receive,Handle Value Notification,0x0028,FFF2,000000000A00
Oct 28 09:43:17.638,0x0041,F8:30:02:08:DF:00,Receive,Handle Value Notification,0x0028,FFF2,000000000A00
Oct 28 09:43:17.713,0x0041,F8:30:02:08:DF:00,Receive,Handle Value Notification,0x0028,FFF2,000000000A00
Oct 28 09:43:17.825,0x0041,F8:30:02:08:DF:00,Receive,Handle Value Notification,0x0028,FFF2,000000000A00
Oct 28 09:43:17.938,0x0041,F8:30:02:08:DF:00,Receive,Handle Value Notification,0x0028,FFF2,000000000A00
Oct 28 09:43:18.050,0x0041,F8:30:02:08:DF:00,Receive,Handle Value Notification,0x0028,FFF2,000000000A00
Oct 28 09:43:18.200,0x0041,F8:30:02:08:DF:00,Receive,Handle Value Notification,0x0028,FFF2,000000000A00
Oct 28 09:43:18.313,0x0041,F8:30:02:08:DF:00,Receive,Handle Value Notification,0x0028,FFF2,000000000A00
Oct 28 09:43:18.425,0x0041,F8:30:02:08:DF:00,Receive,Handle Value Notification,0x0028,FFF2,000000000A00
Oct 28 09:43:18.538,0x0041,F8:30:02:08:DF:00,Receive,Handle Value Notification,0x0028,FFF2,000000000A00
Oct 28 09:43:18.650,0x0041,F8:30:02:08:DF:00,Receive,Handle Value Notification,0x0028,FFF2,000000000A00
Oct 28 09:43:18.800,0x0041,F8:30:02:08:DF:00,Receive,Handle Value Notification,0x0028,FFF2,000000000A00
Oct 28 09:43:18.913,0x0041,F8:30:02:08:DF:00,Receive,Handle Value Notification,0x0028,FFF2,000000000A00
Oct 28 09:43:19.025,0x0041,F8:30:02:08:DF:00,Receive,Handle Value Notification,0x0028,FFF2,000000000A00
Oct 28 09:43:19.138,0x0041,F8:30:02:08:DF:00,Receive,Handle Value Notification,0x0028,FFF2,000000000A00
Oct 28 09:43:19.250,0x0041,F8:30:02:08:DF:00,Receive,Handle Value Notification,0x0028,FFF2,000000000A00
Oct 28 09:43:19.321,0x0041,F8:30:02:08:DF:00,Send,Write Request,0x0025,FFF1,84020103B4007200F5001D
Oct 28 09:43:19.363,0x0041,F8:30:02:08:DF:00,Receive,Write Response,,,
Oct 28 09:43:19.383,0x0041,F8:30:02:08:DF:00,Send,Write Request,0x0025,FFF1,84020103B4007200740029
Oct 28 09:43:19.401,0x0041,F8:30:02:08:DF:00,Receive,Handle Value Notification,0x0028,FFF2,000000000A00
Oct 28 09:43:19.438,0x0041,F8:30:02:08:DF:00,Receive,Write Response,,,
Oct 28 09:43:19.446,0x0041,F8:30:02:08:DF:00,Send,Write Request,0x0025,FFF1,84020103B4007200DCFF29
Oct 28 09:43:19.513,0x0041,F8:30:02:08:DF:00,Receive,Write Response,,,
Oct 28 09:43:19.513,0x0041,F8:30:02:08:DF:00,Receive,Handle Value Notification,0x0028,FFF2,000000000A00
Oct 28 09:43:19.523,0x0041,F8:30:02:08:DF:00,Send,Write Request,0x0025,FFF1,84020103B4007200A5FF29
Oct 28 09:43:19.588,0x0041,F8:30:02:08:DF:00,Receive,Write Response,,,
Oct 28 09:43:19.598,0x0041,F8:30:02:08:DF:00,Send,Write Request,0x0025,FFF1,84020103B4007200A1FF29
Oct 28 09:43:19.626,0x0041,F8:30:02:08:DF:00,Receive,Handle Value Notification,0x0028,FFF2,000000000A00
Oct 28 09:43:19.663,0x0041,F8:30:02:08:DF:00,Receive,Write Response,,,
Oct 28 09:43:19.738,0x0041,F8:30:02:08:DF:00,Receive,Handle Value Notification,0x0028,FFF2,000000000A00
Oct 28 09:43:19.888,0x0041,F8:30:02:08:DF:00,Receive,Handle Value Notification,0x0028,FFF2,000000000A00
Oct 28 09:43:19.989,0x0041,F8:30:02:08:DF:00,Send,Write Request,0x0025,FFF1,84020103B4007200A1FF29
Oct 28 09:43:20.001,0x0041,F8:30:02:08:DF:00,Receive,Handle Value Notification,0x0028,FFF2,000000000A00
Oct 28 09:43:20.038,0x0041,F8:30:02:08:DF:00,Receive,Write Response,,,
Oct 28 09:43:20.045,0x0041,F8:30:02:08:DF:00,Send,Write Request,0x0025,FFF1,84020103B4006C00A1FF29
Oct 28 09:43:20.112,0x0041,F8:30:02:08:DF:00,Receive,Write Response,,,
Oct 28 09:43:20.113,0x0041,F8:30:02:08:DF:00,Receive,Handle Value Notification,0x0028,FFF2,000000000A00
Oct 28 09:43:20.126,0x0041,F8:30:02:08:DF:00,Send,Write Request,0x0025,FFF1,84020103B4006100A1FF29
Oct 28 09:43:20.188,0x0041,F8:30:02:08:DF:00,Receive,Write Response,,,
Oct 28 09:43:20.190,0x0041,F8:30:02:08:DF:00,Send,Write Request,0x0025,FFF1,84020103B4005B00A1FF29
Oct 28 09:43:20.226,0x0041,F8:30:02:08:DF:00,Receive,Handle Value Notification,0x0028,FFF2,000000000A00
Oct 28 09:43:20.263,0x0041,F8:30:02:08:DF:00,Receive,Write Response,,,
Oct 28 09:43:20.269,0x0041,F8:30:02:08:DF:00,Send,Write Request,0x0025,FFF1,84020103B4005800A1FF29
Oct 28 09:43:20.337,0x0041,F8:30:02:08:DF:00,Receive,Write Response,,,
Oct 28 09:43:20.338,0x0041,F8:30:02:08:DF:00,Receive,Handle Value Notification,0x0028,FFF2,000000000A00
Oct 28 09:43:20.349,0x0041,F8:30:02:08:DF:00,Send,Write Request,0x0025,FFF1,84020103B4005600A1FF29
Oct 28 09:43:20.413,0x0041,F8:30:02:08:DF:00,Receive,Write Response,,,
Oct 28 09:43:20.415,0x0041,F8:30:02:08:DF:00,Send,Write Request,0x0025,FFF1,84020103B4005600A1FF29
Oct 28 09:43:20.487,0x0041,F8:30:02:08:DF:00,Receive,Handle Value Notification,0x0028,FFF2,000000000A00
Oct 28 09:43:20.488,0x0041,F8:30:02:08:DF:00,Receive,Write Response,,,
Oct 28 09:43:20.600,0x0041,F8:30:02:08:DF:00,Receive,Handle Value Notification,0x0028,FFF2,000000000A00
Oct 28 09:43:20.713,0x0041,F8:30:02:08:DF:00,Receive,Handle Value Notification,0x0028,FFF2,000000000A00
Oct 28 09:43:20.825,0x0041,F8:30:02:08:DF:00,Receive,Handle Value Notification,0x0028,FFF2,000000000A00
Oct 28 09:43:20.838,0x0041,F8:30:02:08:DF:00,Send,Write Request,0x0025,FFF1,84020103B4005600A1FF29
Oct 28 09:43:20.900,0x0041,F8:30:02:08:DF:00,Receive,Write Response,,,
Oct 28 09:43:20.910,0x0041,F8:30:02:08:DF:00,Send,Write Request,0x0025,FFF1,84020103B4005600DCFE29
Oct 28 09:43:20.938,0x0041,F8:30:02:08:DF:00,Receive,Handle Value Notification,0x0028,FFF2,000000000A00
Oct 28 09:43:20.975,0x0041,F8:30:02:08:DF:00,Receive,Write Response,,,
Oct 28 09:43:20.989,0x0041,F8:30:02:08:DF:00,Send,Write Request,0x0025,FFF1,84020103B400560095FE29
Oct 28 09:43:21.050,0x0041,F8:30:02:08:DF:00,Receive,Write Response,,,
Oct 28 09:43:21.052,0x0041,F8:30:02:08:DF:00,Send,Write Request,0x0025,FFF1,84020103B40056007FFE29
Oct 28 09:43:21.088,0x0041,F8:30:02:08:DF:00,Receive,Handle Value Notification,0x0028,FFF2,000000000A00
Oct 28 09:43:21.125,0x0041,F8:30:02:08:DF:00,Receive,Write Response,,,
Oct 28 09:43:21.137,0x0041,F8:30:02:08:DF:00,Send,Write Request,0x0025,FFF1,84020103B400560055FE29
Oct 28 09:43:21.200,0x0041,F8:30:02:08:DF:00,Receive,Write Response,,,
Oct 28 09:43:21.201,0x0041,F8:30:02:08:DF:00,Receive,Handle Value Notification,0x0028,FFF2,000000000A00
Oct 28 09:43:21.202,0x0041,F8:30:02:08:DF:00,Send,Write Request,0x0025,FFF1,84020103B400560039FE29
Oct 28 09:43:21.275,0x0041,F8:30:02:08:DF:00,Receive,Write Response,,,
Oct 28 09:43:21.313,0x0041,F8:30:02:08:DF:00,Receive,Handle Value Notification,0x0028,FFF2,000000000A00
Oct 28 09:43:21.425,0x0041,F8:30:02:08:DF:00,Receive,Handle Value Notification,0x0028,FFF2,000000000A00
Oct 28 09:43:21.575,0x0041,F8:30:02:08:DF:00,Receive,Handle Value Notification,0x0028,FFF2,000000000A00
Oct 28 09:43:21.671,0x0041,F8:30:02:08:DF:00,Send,Write Request,0x0025,FFF1,84020103B400560039FE29
Oct 28 09:43:21.688,0x0041,F8:30:02:08:DF:00,Receive,Handle Value Notification,0x0028,FFF2,000000000A00
Oct 28 09:43:21.725,0x0041,F8:30:02:08:DF:00,Receive,Write Response,,,
Oct 28 09:43:21.733,0x0041,F8:30:02:08:DF:00,Send,Write Request,0x0025,FFF1,84020103B400510039FE29
Oct 28 09:43:21.800,0x0041,F8:30:02:08:DF:00,Receive,Write Response,,,
Oct 28 09:43:21.801,0x0041,F8:30:02:08:DF:00,Receive,Handle Value Notification,0x0028,FFF2,000000000A00
Oct 28 09:43:21.808,0x0041,F8:30:02:08:DF:00,Send,Write Request,0x0025,FFF1,84020103B4004C0098FE29
Oct 28 09:43:21.875,0x0041,F8:30:02:08:DF:00,Receive,Write Response,,,
Oct 28 09:43:21.885,0x0041,F8:30:02:08:DF:00,Send,Write Request,0x0025,FFF1,84020103B4004C00A1FE29
Oct 28 09:43:21.913,0x0041,F8:30:02:08:DF:00,Receive,Handle Value Notification,0x0028,FFF2,000000000A00
Oct 28 09:43:21.950,0x0041,F8:30:02:08:DF:00,Receive,Write Response,,,
Oct 28 09:43:21.953,0x0041,F8:30:02:08:DF:00,Send,Write Request,0x0025,FFF1,84020103B4004C00B6FE29
Oct 28 09:43:22.025,0x0041,F8:30:02:08:DF:00,Receive,Write Response,,,
Oct 28 09:43:22.026,0x0041,F8:30:02:08:DF:00,Receive,Handle Value Notification,0x0028,FFF2,000000000A00
Oct 28 09:43:22.032,0x0041,F8:30:02:08:DF:00,Send,Write Request,0x0025,FFF1,84020103B4004C00BEFE29
Oct 28 09:43:22.100,0x0041,F8:30:02:08:DF:00,Receive,Write Response,,,
Oct 28 09:43:22.103,0x0041,F8:30:02:08:DF:00,Send,Write Request,0x0025,FFF1,84020103B4004C00BEFE29
Oct 28 09:43:22.175,0x0041,F8:30:02:08:DF:00,Receive,Handle Value Notification,0x0028,FFF2,000000000A00
Oct 28 09:43:22.176,0x0041,F8:30:02:08:DF:00,Receive,Write Response,,,
Oct 28 09:43:22.183,0x0041,F8:30:02:08:DF:00,Send,Write Request,0x0025,FFF1,84020103B4004C00BEFE29
Oct 28 09:43:22.251,0x0041,F8:30:02:08:DF:00,Receive,Write Response,,,
Oct 28 09:43:22.251,0x0041,F8:30:02:08:DF:00,Send,Write Request,0x0025,FFF1,84020103B4004C00BEFE29
Oct 28 09:43:22.288,0x0041,F8:30:02:08:DF:00,Receive,Handle Value Notification,0x0028,FFF2,000000000A00
Oct 28 09:43:22.325,0x0041,F8:30:02:08:DF:00,Receive,Write Response,,,
Oct 28 09:43:22.400,0x0041,F8:30:02:08:DF:00,Receive,Handle Value Notification,0x0028,FFF2,000000000A00
Oct 28 09:43:22.513,0x0041,F8:30:02:08:DF:00,Receive,Handle Value Notification,0x0028,FFF2,000000000A00
Oct 28 09:43:22.625,0x0041,F8:30:02:08:DF:00,Receive,Handle Value Notification,0x0028,FFF2,000000000A00
Oct 28 09:43:22.672,0x0041,F8:30:02:08:DF:00,Send,Write Request,0x0025,FFF1,84020103B4004C00BEFE29
Oct 28 09:43:22.738,0x0041,F8:30:02:08:DF:00,Receive,Write Response,,,
Oct 28 09:43:22.745,0x0041,F8:30:02:08:DF:00,Send,Write Request,0x0025,FFF1,84020103B4004A004EFF29
Oct 28 09:43:22.776,0x0041,F8:30:02:08:DF:00,Receive,Handle Value Notification,0x0028,FFF2,000000000A00
Oct 28 09:43:22.813,0x0041,F8:30:02:08:DF:00,Receive,Write Response,,,
Oct 28 09:43:22.823,0x0041,F8:30:02:08:DF:00,Send,Write Request,0x0025,FFF1,84020103B4004A0092FF29
Oct 28 09:43:22.887,0x0041,F8:30:02:08:DF:00,Receive,Write Response,,,
Oct 28 09:43:22.888,0x0041,F8:30:02:08:DF:00,Receive,Handle Value Notification,0x0028,FFF2,000000000A00
Oct 28 09:43:22.899,0x0041,F8:30:02:08:DF:00,Send,Write Request,0x0025,FFF1,84020103B4004A00A8FF29
Oct 28 09:43:22.963,0x0041,F8:30:02:08:DF:00,Receive,Write Response,,,
Oct 28 09:43:22.965,0x0041,F8:30:02:08:DF:00,Send,Write Request,0x0025,FFF1,84020103B4004A00A9FF29
Oct 28 09:43:23.001,0x0041,F8:30:02:08:DF:00,Receive,Handle Value Notification,0x0028,FFF2,000000000A00
Oct 28 09:43:23.037,0x0041,F8:30:02:08:DF:00,Receive,Write Response,,,
Oct 28 09:43:23.113,0x0041,F8:30:02:08:DF:00,Receive,Handle Value Notification,0x0028,FFF2,000000000A00
Oct 28 09:43:23.263,0x0041,F8:30:02:08:DF:00,Receive,Handle Value Notification,0x0028,FFF2,000000000A00
Oct 28 09:43:23.375,0x0041,F8:30:02:08:DF:00,Receive,Handle Value Notification,0x0028,FFF2,000000000A00
Oct 28 09:43:23.487,0x0041,F8:30:02:08:DF:00,Send,Write Request,0x0025,FFF1,84020103B4004A00A9FF29
Oct 28 09:43:23.488,0x0041,F8:30:02:08:DF:00,Receive,Handle Value Notification,0x0028,FFF2,000000000A00
Oct 28 09:43:23.563,0x0041,F8:30:02:08:DF:00,Receive,Write Response,,,
Oct 28 09:43:23.572,0x0041,F8:30:02:08:DF:00,Send,Write Request,0x0025,FFF1,84020103B4003E00A9FF29
Oct 28 09:43:23.601,0x0041,F8:30:02:08:DF:00,Receive,Handle Value Notification,0x0028,FFF2,000000000A00
Oct 28 09:43:23.638,0x0041,F8:30:02:08:DF:00,Receive,Write Response,,,
Oct 28 09:43:23.650,0x0041,F8:30:02:08:DF:00,Send,Write Request,0x0025,FFF1,84020103B4003A00080029
Oct 28 09:43:23.713,0x0041,F8:30:02:08:DF:00,Receive,Write Response,,,
Oct 28 09:43:23.713,0x0041,F8:30:02:08:DF:00,Receive,Handle Value Notification,0x0028,FFF2,000000000A00
Oct 28 09:43:23.716,0x0041,F8:30:02:08:DF:00,Send,Write Request,0x0025,FFF1,84020103B4003A00080029
Oct 28 09:43:23.788,0x0041,F8:30:02:08:DF:00,Receive,Write Response,,,
Oct 28 09:43:23.863,0x0041,F8:30:02:08:DF:00,Receive,Handle Value Notification,0x0028,FFF2,000000000A00
Oct 28 09:43:23.975,0x0041,F8:30:02:08:DF:00,Receive,Handle Value Notification,0x0028,FFF2,000000000A00
Oct 28 09:43:24.070,0x0041,F8:30:02:08:DF:00,Send,Write Request,0x0025,FFF1,84020103B4003A00080029
Oct 28 09:43:24.088,0x0041,F8:30:02:08:DF:00,Receive,Handle Value Notification,0x0028,FFF2,000000000A00
Oct 28 09:43:24.125,0x0041,F8:30:02:08:DF:00,Receive,Write Response,,,
Oct 28 09:43:24.137,0x0041,F8:30:02:08:DF:00,Send,Write Request,0x0025,FFF1,84020103B4003A00A5FF29
Oct 28 09:43:24.200,0x0041,F8:30:02:08:DF:00,Receive,Write Response,,,
Oct 28 09:43:24.201,0x0041,F8:30:02:08:DF:00,Receive,Handle Value Notification,0x0028,FFF2,000000000A00
Oct 28 09:43:24.206,0x0041,F8:30:02:08:DF:00,Send,Write Request,0x0025,FFF1,84020103B4003A003EFF29
Oct 28 09:43:24.275,0x0041,F8:30:02:08:DF:00,Receive,Write Response,,,
Oct 28 09:43:24.286,0x0041,F8:30:02:08:DF:00,Send,Write Request,0x0025,FFF1,84020103B4003A001CFF29
Oct 28 09:43:24.313,0x0041,F8:30:02:08:DF:00,Receive,Handle Value Notification,0x0028,FFF2,000000000A00
Oct 28 09:43:24.350,0x0041,F8:30:02:08:DF:00,Receive,Write Response,,,
Oct 28 09:43:24.352,0x0041,F8:30:02:08:DF:00,Send,Write Request,0x0025,FFF1,84020103B4003A00F6FE29
Oct 28 09:43:24.425,0x0041,F8:30:02:08:DF:00,Receive,Write Response,,,
Oct 28 09:43:24.439,0x0041,F8:30:02:08:DF:00,Send,Write Request,0x0025,FFF1,84020103B4003A00E1FE29
Oct 28 09:43:24.463,0x0041,F8:30:02:08:DF:00,Receive,Handle Value Notification,0x0028,FFF2,000000000A00
Oct 28 09:43:24.500,0x0041,F8:30:02:08:DF:00,Receive,Write Response,,,
Oct 28 09:43:24.502,0x0041,F8:30:02:08:DF:00,Send,Write Request,0x0025,FFF1,84020103B4003A00D2FE29
Oct 28 09:43:24.575,0x0041,F8:30:02:08:DF:00,Receive,Write Response,,,
Oct 28 09:43:24.576,0x0041,F8:30:02:08:DF:00,Receive,Handle Value Notification,0x0028,FFF2,000000000A00
Oct 28 09:43:24.688,0x0041,F8:30:02:08:DF:00,Receive,Handle Value Notification,0x0028,FFF2,000000000A00
Oct 28 09:43:24.800,0x0041,F8:30:02:08:DF:00,Receive,Handle Value Notification,0x0028,FFF2,000000000A00
Oct 28 09:43:24.950,0x0041,F8:30:02:08:DF:00,Receive,Handle Value Notification,0x0028,FFF2,000000000A00
Oct 28 09:43:25.063,0x0041,F8:30:02:08:DF:00,Receive,Handle Value Notification,0x0028,FFF2,000000000A00
Oct 28 09:43:25.213,0x0041,F8:30:02:08:DF:00,Receive,Handle Value Notification,0x0028,FFF2,000000000A00
Oct 28 09:43:25.288,0x0041,F8:30:02:08:DF:00,Receive,Handle Value Notification,0x0028,FFF2,000000000A00
Oct 28 09:43:25.400,0x0041,F8:30:02:08:DF:00,Receive,Handle Value Notification,0x0028,FFF2,000000000A00
Oct 28 09:43:25.550,0x0041,F8:30:02:08:DF:00,Receive,Handle Value Notification,0x0028,FFF2,000000000A00
Oct 28 09:43:25.663,0x0041,F8:30:02:08:DF:00,Receive,Handle Value Notification,0x0028,FFF2,000000000A00
Oct 28 09:43:25.775,0x0041,F8:30:02:08:DF:00,Receive,Handle Value Notification,0x0028,FFF2,000000000A00
Oct 28 09:43:25.888,0x0041,F8:30:02:08:DF:00,Receive,Handle Value Notification,0x0028,FFF2,000000000A00
Oct 28 09:43:26.000,0x0041,F8:30:02:08:DF:00,Receive,Handle Value Notification,0x0028,FFF2,000000000A00
Oct 28 09:43:26.150,0x0041,F8:30:02:08:DF:00,Receive,Handle Value Notification,0x0028,FFF2,000000000A00
Oct 28 09:43:26.263,0x0041,F8:30:02:08:DF:00,Receive,Handle Value Notification,0x0028,FFF2,000000000A00
Oct 28 09:43:26.375,0x0041,F8:30:02:08:DF:00,Receive,Handle Value Notification,0x0028,FFF2,000000000A00
Oct 28 09:43:26.488,0x0041,F8:30:02:08:DF:00,Receive,Handle Value Notification,0x0028,FFF2,000000000A00
Oct 28 09:43:26.600,0x0041,F8:30:02:08:DF:00,Receive,Handle Value Notification,0x0028,FFF2,000000000A00
Oct 28 09:43:26.750,0x0041,F8:30:02:08:DF:00,Receive,Handle Value Notification,0x0028,FFF2,000000000A00
Oct 28 09:43:26.863,0x0041,F8:30:02:08:DF:00,Receive,Handle Value Notification,0x0028,FFF2,000000000A00
Oct 28 09:43:26.975,0x0041,F8:30:02:08:DF:00,Receive,Handle Value Notification,0x0028,FFF2,000000000A00
Oct 28 09:43:27.088,0x0041,F8:30:02:08:DF:00,Receive,Handle Value Notification,0x0028,FFF2,000000000A00
Oct 28 09:43:27.200,0x0041,F8:30:02:08:DF:00,Receive,Handle Value Notification,0x0028,FFF2,000000000A00
Oct 28 09:43:27.350,0x0041,F8:30:02:08:DF:00,Receive,Handle Value Notification,0x0028,FFF2,000000000A00
Oct 28 09:43:27.463,0x0041,F8:30:02:08:DF:00,Receive,Handle Value Notification,0x0028,FFF2,000000000A00
Oct 28 09:43:27.575,0x0041,F8:30:02:08:DF:00,Receive,Handle Value Notification,0x0028,FFF2,000000000A00
Oct 28 09:43:27.688,0x0041,F8:30:02:08:DF:00,Receive,Handle Value Notification,0x0028,FFF2,000000000A00
Oct 28 09:43:27.800,0x0041,F8:30:02:08:DF:00,Receive,Handle Value Notification,0x0028,FFF2,000000000A00
Oct 28 09:43:27.950,0x0041,F8:30:02:08:DF:00,Receive,Handle Value Notification,0x0028,FFF2,000000000A00
Oct 28 09:43:28.063,0x0041,F8:30:02:08:DF:00,Receive,Handle Value Notification,0x0028,FFF2,000000000A00
Oct 28 09:43:28.175,0x0041,F8:30:02:08:DF:00,Receive,Handle Value Notification,0x0028,FFF2,000000000A00
Oct 28 09:43:28.288,0x0041,F8:30:02:08:DF:00,Receive,Handle Value Notification,0x0028,FFF2,000000000A00
Oct 28 09:43:28.400,0x0041,F8:30:02:08:DF:00,Receive,Handle Value Notification,0x0028,FFF2,000000000A00
Oct 28 09:43:28.550,0x0041,F8:30:02:08:DF:00,Receive,Handle Value Notification,0x0028,FFF2,000000000A00
Oct 28 09:43:28.663,0x0041,F8:30:02:08:DF:00,Receive,Handle Value Notification,0x0028,FFF2,000000000A00
Oct 28 09:43:28.776,0x0041,F8:30:02:08:DF:00,Receive,Handle Value Notification,0x0028,FFF2,000000000A00
Oct 28 09:43:28.821,0x0041,F8:30:02:08:DF:00,Send,Write Request,0x0025,FFF1,004C00000001
Oct 28 09:43:28.888,0x0041,F8:30:02:08:DF:00,Receive,Write Response,,,
Oct 28 09:43:28.888,0x0041,F8:30:02:08:DF:00,Send,Write Request,0x0025,FFF1,004C00000130
Oct 28 09:43:28.888,0x0041,F8:30:02:08:DF:00,Receive,Handle Value Notification,0x0028,FFF2,000000000A00
Oct 28 09:43:28.963,0x0041,F8:30:02:08:DF:00,Receive,Write Response,,,
Oct 28 09:43:28.964,0x0041,F8:30:02:08:DF:00,Send,Write Request,0x0025,FFF1,004C000001B8
Oct 28 09:43:29.001,0x0041,F8:30:02:08:DF:00,Receive,Handle Value Notification,0x0028,FFF2,000000000A00
Oct 28 09:43:29.038,0x0041,F8:30:02:08:DF:00,Receive,Write Response,,,
Oct 28 09:43:29.039,0x0041,F8:30:02:08:DF:00,Send,Write Request,0x0025,FFF1,004C0000020E
Oct 28 09:43:29.113,0x0041,F8:30:02:08:DF:00,Receive,Write Response,,,
Oct 28 09:43:29.114,0x0041,F8:30:02:08:DF:00,Send,Write Request,0x0025,FFF1,004C00000217
Oct 28 09:43:29.151,0x0041,F8:30:02:08:DF:00,Receive,Handle Value Notification,0x0028,FFF2,000000000A00
Oct 28 09:43:29.188,0x0041,F8:30:02:08:DF:00,Receive,Write Response,,,
Oct 28 09:43:29.189,0x0041,F8:30:02:08:DF:00,Send,Write Request,0x0025,FFF1,004C00000217
Oct 28 09:43:29.263,0x0041,F8:30:02:08:DF:00,Receive,Write Response,,,
Oct 28 09:43:29.263,0x0041,F8:30:02:08:DF:00,Receive,Handle Value Notification,0x0028,FFF2,000000000A00
Oct 28 09:43:29.375,0x0041,F8:30:02:08:DF:00,Receive,Handle Value Notification,0x0028,FFF2,000000000A00
Oct 28 09:43:29.488,0x0041,F8:30:02:08:DF:00,Receive,Handle Value Notification,0x0028,FFF2,000000000A00
Oct 28 09:43:29.600,0x0041,F8:30:02:08:DF:00,Receive,Handle Value Notification,0x0028,FFF2,000000000A00
Oct 28 09:43:29.750,0x0041,F8:30:02:08:DF:00,Receive,Handle Value Notification,0x0028,FFF2,000000000A00
Oct 28 09:43:29.863,0x0041,F8:30:02:08:DF:00,Receive,Handle Value Notification,0x0028,FFF2,000000000A00
Oct 28 09:43:29.975,0x0041,F8:30:02:08:DF:00,Receive,Handle Value Notification,0x0028,FFF2,000000000A00
Oct 28 09:43:30.088,0x0041,F8:30:02:08:DF:00,Receive,Handle Value Notification,0x0028,FFF2,000000000A00
Oct 28 09:43:30.238,0x0041,F8:30:02:08:DF:00,Receive,Handle Value Notification,0x0028,FFF2,000000000A00
Oct 28 09:43:30.350,0x0041,F8:30:02:08:DF:00,Receive,Handle Value Notification,0x0028,FFF2,000000000A00
Oct 28 09:43:30.463,0x0041,F8:30:02:08:DF:00,Receive,Handle Value Notification,0x0028,FFF2,000000000A00
Oct 28 09:43:30.575,0x0041,F8:30:02:08:DF:00,Receive,Handle Value Notification,0x0028,FFF2,000000000A00
Oct 28 09:43:30.688,0x0041,F8:30:02:08:DF:00,Receive,Handle Value Notification,0x0028,FFF2,000000000A00
Oct 28 09:43:30.800,0x0041,F8:30:02:08:DF:00,Receive,Handle Value Notification,0x0028,FFF2,000000000A00
Oct 28 09:43:30.950,0x0041,F8:30:02:08:DF:00,Receive,Handle Value Notification,0x0028,FFF2,000000000A00
Oct 28 09:43:31.063,0x0041,F8:30:02:08:DF:00,Receive,Handle Value Notification,0x0028,FFF2,000000000A00
Oct 28 09:43:31.137,0x0041,F8:30:02:08:DF:00,Send,Write Request,0x0025,FFF1,4D00000480000A0000000D
Oct 28 09:43:31.176,0x0041,F8:30:02:08:DF:00,Receive,Handle Value Notification,0x0028,FFF2,000000000A00
Oct 28 09:43:31.213,0x0041,F8:30:02:08:DF:00,Receive,Write Response,,,
Oct 28 09:43:31.214,0x0041,F8:30:02:08:DF:00,Send,Write Request,0x0025,FFF1,4D0000048000100000000D
Oct 28 09:43:31.288,0x0041,F8:30:02:08:DF:00,Receive,Write Response,,,
Oct 28 09:43:31.288,0x0041,F8:30:02:08:DF:00,Receive,Handle Value Notification,0x0028,FFF2,000000000A00
Oct 28 09:43:31.289,0x0041,F8:30:02:08:DF:00,Send,Write Request,0x0025,FFF1,4D00000480001300000029
Oct 28 09:43:31.363,0x0041,F8:30:02:08:DF:00,Receive,Write Response,,,
Oct 28 09:43:31.364,0x0041,F8:30:02:08:DF:00,Send,Write Request,0x0025,FFF1,4D0000048000140000000D
Oct 28 09:43:31.401,0x0041,F8:30:02:08:DF:00,Receive,Handle Value Notification,0x0028,FFF2,000000000A00
Oct 28 09:43:31.438,0x0041,F8:30:02:08:DF:00,Receive,Write Response,,,
Oct 28 09:43:31.439,0x0041,F8:30:02:08:DF:00,Send,Write Request,0x0025,FFF1,4D00000480001700000029
Oct 28 09:43:31.513,0x0041,F8:30:02:08:DF:00,Receive,Write Response,,,
Oct 28 09:43:31.514,0x0041,F8:30:02:08:DF:00,Send,Write Request,0x0025,FFF1,4D00000480002A00000029
Oct 28 09:43:31.551,0x0041,F8:30:02:08:DF:00,Receive,Handle Value Notification,0x0028,FFF2,000000000A00
Oct 28 09:43:31.588,0x0041,F8:30:02:08:DF:00,Receive,Write Response,,,
Oct 28 09:43:31.589,0x0041,F8:30:02:08:DF:00,Send,Write Request,0x0025,FFF1,4D00000480005F00000029
Oct 28 09:43:31.663,0x0041,F8:30:02:08:DF:00,Receive,Write Response,,,
Oct 28 09:43:31.663,0x0041,F8:30:02:08:DF:00,Receive,Handle Value Notification,0x0028,FFF2,000000000A00
Oct 28 09:43:31.664,0x0041,F8:30:02:08:DF:00,Send,Write Request,0x0025,FFF1,4D00000480009600000029
Oct 28 09:43:31.738,0x0041,F8:30:02:08:DF:00,Receive,Write Response,,,
Oct 28 09:43:31.739,0x0041,F8:30:02:08:DF:00,Send,Write Request,0x0025,FFF1,4D0000048000AA0000000D
Oct 28 09:43:31.776,0x0041,F8:30:02:08:DF:00,Receive,Handle Value Notification,0x0028,FFF2,000000000A00
Oct 28 09:43:31.813,0x0041,F8:30:02:08:DF:00,Receive,Write Response,,,
Oct 28 09:43:31.814,0x0041,F8:30:02:08:DF:00,Send,Write Request,0x0025,FFF1,4D0000048000B40000000D
Oct 28 09:43:31.888,0x0041,F8:30:02:08:DF:00,Receive,Write Response,,,
Oct 28 09:43:31.888,0x0041,F8:30:02:08:DF:00,Receive,Handle Value Notification,0x0028,FFF2,000000000A00
Oct 28 09:43:31.889,0x0041,F8:30:02:08:DF:00,Send,Write Request,0x0025,FFF1,4D0000048000B40000000D
Oct 28 09:43:31.963,0x0041,F8:30:02:08:DF:00,Receive,Write Response,,,
Oct 28 09:43:32.038,0x0041,F8:30:02:08:DF:00,Receive,Handle Value Notification,0x0028,FFF2,000000000A00
Oct 28 09:43:32.150,0x0041,F8:30:02:08:DF:00,Receive,Handle Value Notification,0x0028,FFF2,000000000A00
Oct 28 09:43:32.263,0x0041,F8:30:02:08:DF:00,Receive,Handle Value Notification,0x0028,FFF2,000000000A00
Oct 28 09:43:32.376,0x0041,F8:30:02:08:DF:00,Receive,Handle Value Notification,0x0028,FFF2,000000000A00
Oct 28 09:43:32.488,0x0041,F8:30:02:08:DF:00,Receive,Handle Value Notification,0x0028,FFF2,000000000A00
Oct 28 09:43:32.638,0x0041,F8:30:02:08:DF:00,Receive,Handle Value Notification,0x0028,FFF2,000000000A00
Oct 28 09:43:32.750,0x0041,F8:30:02:08:DF:00,Receive,Handle Value Notification,0x0028,FFF2,000000000A00
Oct 28 09:43:32.863,0x0041,F8:30:02:08:DF:00,Receive,Handle Value Notification,0x0028,FFF2,000000000A00
Oct 28 09:43:32.976,0x0041,F8:30:02:08:DF:00,Receive,Handle Value Notification,0x0028,FFF2,000000000A00
Oct 28 09:43:33.088,0x0041,F8:30:02:08:DF:00,Receive,Handle Value Notification,0x0028,FFF2,000000000A00
Oct 28 09:43:33.238,0x0041,F8:30:02:08:DF:00,Receive,Handle Value Notification,0x0028,FFF2,000000000A00
Oct 28 09:43:33.350,0x0041,F8:30:02:08:DF:00,Receive,Handle Value Notification,0x0028,FFF2,000000000A00
Oct 28 09:43:33.463,0x0041,F8:30:02:08:DF:00,Receive,Handle Value Notification,0x0028,FFF2,000000000A00
Oct 28 09:43:33.576,0x0041,F8:30:02:08:DF:00,Receive,Handle Value Notification,0x0028,FFF2,000000000A00
Oct 28 09:43:33.688,0x0041,F8:30:02:08:DF:00,Receive,Handle Value Notification,0x0028,FFF2,000000000A00
Oct 28 09:43:33.838,0x0041,F8:30:02:08:DF:00,Receive,Handle Value Notification,0x0028,FFF2,000000000A00
Oct 28 09:43:33.951,0x0041,F8:30:02:08:DF:00,Receive,Handle Value Notification,0x0028,FFF2,000000000A00
Oct 28 09:43:34.063,0x0041,F8:30:02:08:DF:00,Receive,Handle Value Notification,0x0028,FFF2,000000000A00
Oct 28 09:43:34.176,0x0041,F8:30:02:08:DF:00,Receive,Handle Value Notification,0x0028,FFF2,000000000A00
Oct 28 09:43:34.288,0x0041,F8:30:02:08:DF:00,Receive,Handle Value Notification,0x0028,FFF2,000000000A00
Oct 28 09:43:34.438,0x0041,F8:30:02:08:DF:00,Receive,Handle Value Notification,0x0028,FFF2,000000000A00
Oct 28 09:43:34.550,0x0041,F8:30:02:08:DF:00,Receive,Handle Value Notification,0x0028,FFF2,000000000A00
Oct 28 09:43:34.663,0x0041,F8:30:02:08:DF:00,Receive,Handle Value Notification,0x0028,FFF2,000000000A00
Oct 28 09:43:34.776,0x0041,F8:30:02:08:DF:00,Receive,Handle Value Notification,0x0028,FFF2,000000000A00
Oct 28 09:43:34.888,0x0041,F8:30:02:08:DF:00,Receive,Handle Value Notification,0x0028,FFF2,000000000A00
Oct 28 09:43:35.038,0x0041,F8:30:02:08:DF:00,Receive,Handle Value Notification,0x0028,FFF2,000000000A00
Oct 28 09:43:35.073,0x0041,F8:30:02:08:DF:00,Send,Write Request,0x0025,FFF1,002500000000002600800000
Oct 28 09:43:35.113,0x0041,F8:30:02:08:DF:00,Receive,Write Response,,,
Oct 28 09:43:35.150,0x0041,F8:30:02:08:DF:00,Receive,Handle Value Notification,0x0028,FFF2,000000000A00
Oct 28 09:43:35.263,0x0041,F8:30:02:08:DF:00,Receive,Handle Value Notification,0x0028,FFF2,000000000A00
Oct 28 09:43:35.376,0x0041,F8:30:02:08:DF:00,Receive,Handle Value Notification,0x0028,FFF2,000000000A00
Oct 28 09:43:35.488,0x0041,F8:30:02:08:DF:00,Receive,Handle Value Notification,0x0028,FFF2,000000000A00
Oct 28 09:43:35.638,0x0041,F8:30:02:08:DF:00,Receive,Handle Value Notification,0x0028,FFF2,000000000A00
Oct 28 09:43:35.750,0x0041,F8:30:02:08:DF:00,Receive,Handle Value Notification,0x0028,FFF2,000000000A00
Oct 28 09:43:35.864,0x0041,F8:30:02:08:DF:00,Receive,Handle Value Notification,0x0028,FFF2,000000000A00
Oct 28 09:43:35.976,0x0041,F8:30:02:08:DF:00,Receive,Handle Value Notification,0x0028,FFF2,000000000A00
Oct 28 09:43:36.088,0x0041,F8:30:02:08:DF:00,Receive,Handle Value Notification,0x0028,FFF2,000000000A00
Oct 28 09:43:36.238,0x0041,F8:30:02:08:DF:00,Receive,Handle Value Notification,0x0028,FFF2,000000000A00
Oct 28 09:43:36.350,0x0041,F8:30:02:08:DF:00,Receive,Handle Value Notification,0x0028,FFF2,000000000A00
Oct 28 09:43:36.463,0x0041,F8:30:02:08:DF:00,Receive,Handle Value Notification,0x0028,FFF2,000000000A00
Oct 28 09:43:36.576,0x0041,F8:30:02:08:DF:00,Receive,Handle Value Notification,0x0028,FFF2,000000000A00
Oct 28 09:43:36.688,0x0041,F8:30:02:08:DF:00,Receive,Handle Value Notification,0x0028,FFF2,000000000A00
Oct 28 09:43:36.838,0x0041,F8:30:02:08:DF:00,Receive,Handle Value Notification,0x0028,FFF2,000000000A00
Oct 28 09:43:36.950,0x0041,F8:30:02:08:DF:00,Receive,Handle Value Notification,0x0028,FFF2,000000000A00
Oct 28 09:43:37.063,0x0041,F8:30:02:08:DF:00,Receive,Handle Value Notification,0x0028,FFF2,000000000A00
Oct 28 09:43:37.176,0x0041,F8:30:02:08:DF:00,Receive,Handle Value Notification,0x0028,FFF2,000000000A00
Oct 28 09:43:37.288,0x0041,F8:30:02:08:DF:00,Receive,Handle Value Notification,0x0028,FFF2,000000000A00
Oct 28 09:43:37.438,0x0041,F8:30:02:08:DF:00,Receive,Handle Value Notification,0x0028,FFF2,000000000A00
Oct 28 09:43:37.473,0x0041,F8:30:02:08:DF:00,Send,Write Request,0x0025,FFF1,2400
Oct 28 09:43:37.513,0x0041,F8:30:02:08:DF:00,Receive,Handle Value Notification,0x0030,FFF4,0400F31D49576F6F666572204669726D
Oct 28 09:43:37.514,0x0041,F8:30:02:08:DF:00,Receive,Write Response,,,
Oct 28 09:43:37.516,0x0041,F8:30:02:08:DF:00,Send,Write Request,0x0025,FFF1,F31D
Oct 28 09:43:37.550,0x0041,F8:30:02:08:DF:00,Receive,Handle Value Notification,0x0028,FFF2,000000000A00
Oct 28 09:43:37.588,0x0041,F8:30:02:08:DF:00,Receive,Handle Value Notification,0x0030,FFF4,4D00000000000000000C0102010F0000
Oct 28 09:43:37.589,0x0041,F8:30:02:08:DF:00,Receive,Write Response,,,
Oct 28 09:43:37.589,0x0041,F8:30:02:08:DF:00,Send,Write Request,0x0025,FFF1,071E
Oct 28 09:43:37.663,0x0041,F8:30:02:08:DF:00,Receive,Handle Value Notification,0x0030,FFF4,2D0000000A00000000007800E17AB43F
Oct 28 09:43:37.663,0x0041,F8:30:02:08:DF:00,Receive,Write Response,,,
Oct 28 09:43:37.664,0x0041,F8:30:02:08:DF:00,Send,Write Request,0x0025,FFF1,1B1E
Oct 28 09:43:37.664,0x0041,F8:30:02:08:DF:00,Receive,Handle Value Notification,0x0028,FFF2,000000000A00
Oct 28 09:43:37.738,0x0041,F8:30:02:08:DF:00,Receive,Handle Value Notification,0x0030,FFF4,38003D004200470001210102000F0000
Oct 28 09:43:37.739,0x0041,F8:30:02:08:DF:00,Receive,Write Response,,,
Oct 28 09:43:37.739,0x0041,F8:30:02:08:DF:00,Send,Write Request,0x0025,FFF1,2F1E
Oct 28 09:43:37.776,0x0041,F8:30:02:08:DF:00,Receive,Handle Value Notification,0x0028,FFF2,000000000A00
Oct 28 09:43:37.813,0x0041,F8:30:02:08:DF:00,Receive,Handle Value Notification,0x0030,FFF4,14000000140000000200000000000000
Oct 28 09:43:37.814,0x0041,F8:30:02:08:DF:00,Receive,Write Response,,,
Oct 28 09:43:37.814,0x0041,F8:30:02:08:DF:00,Send,Write Request,0x0025,FFF1,431E
Oct 28 09:43:37.888,0x0041,F8:30:02:08:DF:00,Receive,Handle Value Notification,0x0030,FFF4,520057005C00610004220102000F0000
Oct 28 09:43:37.888,0x0041,F8:30:02:08:DF:00,Receive,Write Response,,,
Oct 28 09:43:37.889,0x0041,F8:30:02:08:DF:00,Send,Write Request,0x0025,FFF1,571E
Oct 28 09:43:37.889,0x0041,F8:30:02:08:DF:00,Receive,Handle Value Notification,0x0028,FFF2,000000000A00
Oct 28 09:43:37.963,0x0041,F8:30:02:08:DF:00,Receive,Handle Value Notification,0x0030,FFF4,32000000320000000200000000000000
Oct 28 09:43:37.964,0x0041,F8:30:02:08:DF:00,Receive,Write Response,,,
Oct 28 09:43:37.964,0x0041,F8:30:02:08:DF:00,Send,Write Request,0x0025,FFF1,6B1E
Oct 28 09:43:38.038,0x0041,F8:30:02:08:DF:00,Receive,Handle Value Notification,0x0028,FFF2,000000000A00
Oct 28 09:43:38.038,0x0041,F8:30:02:08:DF:00,Receive,Handle Value Notification,0x0030,FFF4,FC0200000000000005130302000F0000
Oct 28 09:43:38.039,0x0041,F8:30:02:08:DF:00,Receive,Write Response,,,
Oct 28 09:43:38.040,0x0041,F8:30:02:08:DF:00,Send,Write Request,0x0025,FFF1,7F1E
Oct 28 09:43:38.113,0x0041,F8:30:02:08:DF:00,Receive,Handle Value Notification,0x0030,FFF4,000000000000000000002D00E17AB43F
Oct 28 09:43:38.113,0x0041,F8:30:02:08:DF:00,Receive,Write Response,,,
Oct 28 09:43:38.150,0x0041,F8:30:02:08:DF:00,Receive,Handle Value Notification,0x0028,FFF2,000000000A00
Oct 28 09:43:38.263,0x0041,F8:30:02:08:DF:00,Receive,Handle Value Notification,0x0028,FFF2,000000000A00
Oct 28 09:43:38.376,0x0041,F8:30:02:08:DF:00,Receive,Handle Value Notification,0x0028,FFF2,000000000A00
Oct 28 09:43:38.526,0x0041,F8:30:02:08:DF:00,Receive,Handle Value Notification,0x0028,FFF2,000000000A00
Oct 28 09:43:38.638,0x0041,F8:30:02:08:DF:00,Receive,Handle Value Notification,0x0028,FFF2,000000000A00
Oct 28 09:43:38.750,0x0041,F8:30:02:08:DF:00,Receive,Handle Value Notification,0x0028,FFF2,000000000A00
Oct 28 09:43:38.863,0x0041,F8:30:02:08:DF:00,Receive,Handle Value Notification,0x0028,FFF2,000000000A00
Oct 28 09:43:38.976,0x0041,F8:30:02:08:DF:00,Receive,Handle Value Notification,0x0028,FFF2,000000000A00
Oct 28 09:43:39.088,0x0041,F8:30:02:08:DF:00,Receive,Handle Value Notification,0x0028,FFF2,000000000A00
Oct 28 09:43:39.238,0x0041,F8:30:02:08:DF:00,Receive,Handle Value Notification,0x0028,FFF2,000000000A00
Oct 28 09:43:39.351,0x0041,F8:30:02:08:DF:00,Receive,Handle Value Notification,0x0028,FFF2,000000000A00
Oct 28 09:43:39.463,0x0041,F8:30:02:08:DF:00,Receive,Handle Value Notification,0x0028,FFF2,000000000A00
Oct 28 09:43:39.575,0x0041,F8:30:02:08:DF:00,Receive,Handle Value Notification,0x0028,FFF2,000000000A00
Oct 28 09:43:39.688,0x0041,F8:30:02:08:DF:00,Receive,Handle Value Notification,0x0028,FFF2,000000000A00
Oct 28 09:43:39.838,0x0041,F8:30:02:08:DF:00,Receive,Handle Value Notification,0x0028,FFF2,000000000A00
Oct 28 09:43:39.951,0x0041,F8:30:02:08:DF:00,Receive,Handle Value Notification,0x0028,FFF2,000000000A00
Oct 28 09:43:40.063,0x0041,F8:30:02:08:DF:00,Receive,Handle Value Notification,0x0028,FFF2,000000000A00
Oct 28 09:43:40.176,0x0041,F8:30:02:08:DF:00,Receive,Handle Value Notification,0x0028,FFF2,000000000A00
Oct 28 09:43:40.288,0x0041,F8:30:02:08:DF:00,Receive,Handle Value Notification,0x0028,FFF2,000000000A00
Oct 28 09:43:40.438,0x0041,F8:30:02:08:DF:00,Receive,Handle Value Notification,0x0028,FFF2,000000000A00
Oct 28 09:43:40.551,0x0041,F8:30:02:08:DF:00,Receive,Handle Value Notification,0x0028,FFF2,000000000A00
Oct 28 09:43:40.663,0x0041,F8:30:02:08:DF:00,Receive,Handle Value Notification,0x0028,FFF2,000000000A00
Oct 28 09:43:40.775,0x0041,F8:30:02:08:DF:00,Receive,Handle Value Notification,0x0028,FFF2,000000000A00
Oct 28 09:43:40.888,0x0041,F8:30:02:08:DF:00,Receive,Handle Value Notification,0x0028,FFF2,000000000A00
Oct 28 09:43:41.038,0x0041,F8:30:02:08:DF:00,Receive,Handle Value Notification,0x0028,FFF2,000000000A00
Oct 28 09:43:41.188,0x0041,F8:30:02:08:DF:00,Receive,Handle Value Notification,0x0028,FFF2,000000000A00
Oct 28 09:43:41.263,0x0041,F8:30:02:08:DF:00,Receive,Handle Value Notification,0x0028,FFF2,000000000A00
Oct 28 09:43:41.375,0x0041,F8:30:02:08:DF:00,Receive,Handle Value Notification,0x0028,FFF2,000000000A00
Oct 28 09:43:41.488,0x0041,F8:30:02:08:DF:00,Receive,Handle Value Notification,0x0028,FFF2,000000000A00
Oct 28 09:43:41.638,0x0041,F8:30:02:08:DF:00,Receive,Handle Value Notification,0x0028,FFF2,000000000A00
Oct 28 09:43:41.750,0x0041,F8:30:02:08:DF:00,Receive,Handle Value Notification,0x0028,FFF2,000000000A00
Oct 28 09:43:41.863,0x0041,F8:30:02:08:DF:00,Receive,Handle Value Notification,0x0028,FFF2,000000000A00
Oct 28 09:43:41.976,0x0041,F8:30:02:08:DF:00,Receive,Handle Value Notification,0x0028,FFF2,000000000A00
Oct 28 09:43:42.088,0x0041,F8:30:02:08:DF:00,Receive,Handle Value Notification,0x0028,FFF2,000000000A00
Oct 28 09:43:42.238,0x0041,F8:30:02:08:DF:00,Receive,Handle Value Notification,0x0028,FFF2,000000000A00
Oct 28 09:43:42.351,0x0041,F8:30:02:08:DF:00,Receive,Handle Value Notification,0x0028,FFF2,000000000A00
Oct 28 09:43:42.463,0x0041,F8:30:02:08:DF:00,Receive,Handle Value Notification,0x0028,FFF2,000000000A00
Oct 28 09:43:42.576,0x0041,F8:30:02:08:DF:00,Receive,Handle Value Notification,0x0028,FFF2,000000000A00
Oct 28 09:43:42.688,0x0041,F8:30:02:08:DF:00,Receive,Handle Value Notification,0x0028,FFF2,000000000A00
Oct 28 09:43:42.838,0x0041,F8:30:02:08:DF:00,Receive,Handle Value Notification,0x0028,FFF2,000000000A00
Oct 28 09:43:42.951,0x0041,F8:30:02:08:DF:00,Receive,Handle Value Notification,0x0028,FFF2,000000000A00
Oct 28 09:43:43.063,0x0041,F8:30:02:08:DF:00,Receive,Handle Value Notification,0x0028,FFF2,000000000A00
Oct 28 09:43:43.176,0x0041,F8:30:02:08:DF:00,Receive,Handle Value Notification,0x0028,FFF2,000000000A00
Oct 28 09:43:43.288,0x0041,F8:30:02:08:DF:00,Receive,Handle Value Notification,0x0028,FFF2,000000000A00
Oct 28 09:43:43.438,0x0041,F8:30:02:08:DF:00,Receive,Handle Value Notification,0x0028,FFF2,000000000A00
Oct 28 09:43:43.551,0x0041,F8:30:02:08:DF:00,Receive,Handle Value Notification,0x0028,FFF2,000000000A00
Oct 28 09:43:43.663,0x0041,F8:30:02:08:DF:00,Receive,Handle Value Notification,0x0028,FFF2,000000000A00
Oct 28 09:43:43.776,0x0041,F8:30:02:08:DF:00,Receive,Handle Value Notification,0x0028,FFF2,000000000A00
Oct 28 09:43:43.888,0x0041,F8:30:02:08:DF:00,Receive,Handle Value Notification,0x0028,FFF2,000000000A00
Oct 28 09:43:44.038,0x0041,F8:30:02:08:DF:00,Receive,Handle Value Notification,0x0028,FFF2,000000000A00
Oct 28 09:43:44.151,0x0041,F8:30:02:08:DF:00,Receive,Handle Value Notification,0x0028,FFF2,000000000A00
Oct 28 09:43:44.263,0x0041,F8:30:02:08:DF:00,Receive,Handle Value Notification,0x0028,FFF2,000000000A00
Oct 28 09:43:44.376,0x0041,F8:30:02:08:DF:00,Receive,Handle Value Notification,0x0028,FFF2,000000000A00
Oct 28 09:43:44.488,0x0041,F8:30:02:08:DF:00,Receive,Handle Value Notification,0x0028,FFF2,000000000A00
Oct 28 09:43:44.638,0x0041,F8:30:02:08:DF:00,Receive,Handle Value Notification,0x0028,FFF2,000000000A00
Oct 28 09:43:44.751,0x0041,F8:30:02:08:DF:00,Receive,Handle Value Notification,0x0028,FFF2,000000000A00
Oct 28 09:43:44.863,0x0041,F8:30:02:08:DF:00,Receive,Handle Value Notification,0x0028,FFF2,000000000A00
Oct 28 09:43:44.976,0x0041,F8:30:02:08:DF:00,Receive,Handle Value Notification,0x0028,FFF2,000000000A00
Oct 28 09:43:45.088,0x0041,F8:30:02:08:DF:00,Receive,Handle Value Notification,0x0028,FFF2,000000000A00
Oct 28 09:43:45.238,0x0041,F8:30:02:08:DF:00,Receive,Handle Value Notification,0x0028,FFF2,000000000A00
Oct 28 09:43:45.351,0x0041,F8:30:02:08:DF:00,Receive,Handle Value Notification,0x0028,FFF2,000000000A00
Oct 28 09:43:45.463,0x0041,F8:30:02:08:DF:00,Receive,Handle Value Notification,0x0028,FFF2,000000000A00
Oct 28 09:43:45.529,0x0041,F8:30:02:08:DF:00,Send,Write Request,0x0025,FFF1,001804F076FD8302000000BE66109C01
Oct 28 09:43:45.576,0x0041,F8:30:02:08:DF:00,Receive,Write Response,,,
Oct 28 09:43:45.576,0x0041,F8:30:02:08:DF:00,Receive,Handle Value Notification,0x0028,FFF2,000000000A00
Oct 28 09:43:45.577,0x0041,F8:30:02:08:DF:00,Send,Write Request,0x0025,FFF1,24000100
Oct 28 09:43:45.725,0x0041,F8:30:02:08:DF:00,Receive,Write Response,,,
Oct 28 09:43:45.726,0x0041,F8:30:02:08:DF:00,Receive,Handle Value Notification,0x0028,FFF2,000000000A00
Oct 28 09:43:45.727,0x0041,F8:30:02:08:DF:00,Send,Write Request,0x0025,FFF1,00184D00000000000000000C0102010F
Oct 28 09:43:45.801,0x0041,F8:30:02:08:DF:00,Receive,Write Response,,,
Oct 28 09:43:45.802,0x0041,F8:30:02:08:DF:00,Send,Write Request,0x0025,FFF1,0418540100003F0000000A0000000000
Oct 28 09:43:45.839,0x0041,F8:30:02:08:DF:00,Receive,Handle Value Notification,0x0028,FFF2,000000000A00
Oct 28 09:43:45.876,0x0041,F8:30:02:08:DF:00,Receive,Write Response,,,
Oct 28 09:43:45.877,0x0041,F8:30:02:08:DF:00,Send,Write Request,0x0025,FFF1,0818E17AB43F0000000038003D004200
Oct 28 09:43:45.951,0x0041,F8:30:02:08:DF:00,Receive,Write Response,,,
Oct 28 09:43:45.951,0x0041,F8:30:02:08:DF:00,Receive,Handle Value Notification,0x0028,FFF2,000000000A00
Oct 28 09:43:45.952,0x0041,F8:30:02:08:DF:00,Send,Write Request,0x0025,FFF1,0C1801210102000F0000290000001400
Oct 28 09:43:46.026,0x0041,F8:30:02:08:DF:00,Receive,Write Response,,,
Oct 28 09:43:46.027,0x0041,F8:30:02:08:DF:00,Send,Write Request,0x0025,FFF1,10181400000002000000000000000000
Oct 28 09:43:46.064,0x0041,F8:30:02:08:DF:00,Receive,Handle Value Notification,0x0028,FFF2,000000000A00
Oct 28 09:43:46.101,0x0041,F8:30:02:08:DF:00,Receive,Write Response,,,
Oct 28 09:43:46.102,0x0041,F8:30:02:08:DF:00,Send,Write Request,0x0025,FFF1,1418520057005C00610004220102000F
Oct 28 09:43:46.176,0x0041,F8:30:02:08:DF:00,Receive,Write Response,,,
Oct 28 09:43:46.177,0x0041,F8:30:02:08:DF:00,Send,Write Request,0x0025,FFF1,1818FA00000032000000320000000200
Oct 28 09:43:46.214,0x0041,F8:30:02:08:DF:00,Receive,Handle Value Notification,0x0028,FFF2,000000000A00
Oct 28 09:43:46.251,0x0041,F8:30:02:08:DF:00,Receive,Write Response,,,
Oct 28 09:43:46.252,0x0041,F8:30:02:08:DF:00,Send,Write Request,0x0025,FFF1,1C180000000000000000FC0200000000
Oct 28 09:43:46.326,0x0041,F8:30:02:08:DF:00,Receive,Write Response,,,
Oct 28 09:43:46.326,0x0041,F8:30:02:08:DF:00,Receive,Handle Value Notification,0x0028,FFF2,000000000A00
Oct 28 09:43:46.327,0x0041,F8:30:02:08:DF:00,Send,Write Request,0x0025,FFF1,201805130302000F00000000000C0000
Oct 28 09:43:46.401,0x0041,F8:30:02:08:DF:00,Receive,Write Response,,,
Oct 28 09:43:46.402,0x0041,F8:30:02:08:DF:00,Send,Write Request,0x0025,FFF1,24180000000000002D00E17AB43F0000
Oct 28 09:43:46.439,0x0041,F8:30:02:08:DF:00,Receive,Handle Value Notification,0x0028,FFF2,000000000A00
Oct 28 09:43:46.476,0x0041,F8:30:02:08:DF:00,Receive,Write Response,,,
Oct 28 09:43:46.477,0x0041,F8:30:02:08:DF:00,Send,Write Request,0x0025,FFF1,F31DA000
Oct 28 09:43:46.626,0x0041,F8:30:02:08:DF:00,Receive,Write Response,,,
Oct 28 09:43:46.626,0x0041,F8:30:02:08:DF:00,Receive,Handle Value Notification,0x0028,FFF2,000000000A00
Oct 28 09:43:46.738,0x0041,F8:30:02:08:DF:00,Receive,Handle Value Notification,0x0028,FFF2,000000000A00
Oct 28 09:43:46.851,0x0041,F8:30:02:08:DF:00,Receive,Handle Value Notification,0x0028,FFF2,000000000A00
Oct 28 09:43:46.963,0x0041,F8:30:02:08:DF:00,Receive,Handle Value Notification,0x0028,FFF2,000000000A00
Oct 28 09:43:47.113,0x0041,F8:30:02:08:DF:00,Receive,Handle Value Notification,0x0028,FFF2,000000000A00
Oct 28 09:43:47.226,0x0041,F8:30:02:08:DF:00,Receive,Handle Value Notification,0x0028,FFF2,000000000A00
Oct 28 09:43:47.338,0x0041,F8:30:02:08:DF:00,Receive,Handle Value Notification,0x0028,FFF2,000000000A00
Oct 28 09:43:47.451,0x0041,F8:30:02:08:DF:00,Receive,Handle Value Notification,0x0028,FFF2,000000000A00
Oct 28 09:43:47.563,0x0041,F8:30:02:08:DF:00,Receive,Handle Value Notification,0x0028,FFF2,000000000A00
Oct 28 09:43:47.713,0x0041,F8:30:02:08:DF:00,Receive,Handle Value Notification,0x0028,FFF2,000000000A00
Oct 28 09:43:47.826,0x0041,F8:30:02:08:DF:00,Receive,Handle Value Notification,0x0028,FFF2,000000000A00
Oct 28 09:43:47.938,0x0041,F8:30:02:08:DF:00,Receive,Handle Value Notification,0x0028,FFF2,000000000A00
Oct 28 09:43:48.051,0x0041,F8:30:02:08:DF:00,Receive,Handle Value Notification,0x0028,FFF2,000000000A00
Oct 28 09:43:48.163,0x0041,F8:30:02:08:DF:00,Receive,Handle Value Notification,0x0028,FFF2,000000000A00
Oct 28 09:43:48.313,0x0041,F8:30:02:08:DF:00,Receive,Handle Value Notification,0x0028,FFF2,000000000A00
Oct 28 09:43:48.426,0x0041,F8:30:02:08:DF:00,Receive,Handle Value Notification,0x0028,FFF2,000000000A00
Oct 28 09:43:48.538,0x0041,F8:30:02:08:DF:00,Receive,Handle Value Notification,0x0028,FFF2,000000000A00
Oct 28 09:43:48.651,0x0041,F8:30:02:08:DF:00,Receive,Handle Value Notification,0x0028,FFF2,000000000A00
Oct 28 09:43:48.763,0x0041,F8:30:02:08:DF:00,Receive,Handle Value Notification,0x0028,FFF2,000000000A00
Oct 28 09:43:48.913,0x0041,F8:30:02:08:DF:00,Receive,Handle Value Notification,0x0028,FFF2,000000000A00
Oct 28 09:43:49.026,0x0041,F8:30:02:08:DF:00,Receive,Handle Value Notification,0x0028,FFF2,000000000A00
Oct 28 09:43:49.138,0x0041,F8:30:02:08:DF:00,Receive,Handle Value Notification,0x0028,FFF2,000000000A00
Oct 28 09:43:49.251,0x0041,F8:30:02:08:DF:00,Receive,Handle Value Notification,0x0028,FFF2,000000000A00
Oct 28 09:43:49.363,0x0041,F8:30:02:08:DF:00,Receive,Handle Value Notification,0x0028,FFF2,000000000A00
Oct 28 09:43:49.513,0x0041,F8:30:02:08:DF:00,Receive,Handle Value Notification,0x0028,FFF2,000000000A00
Oct 28 09:43:49.626,0x0041,F8:30:02:08:DF:00,Receive,Handle Value Notification,0x0028,FFF2,000000000A00
Oct 28 09:43:49.738,0x0041,F8:30:02:08:DF:00,Receive,Handle Value Notification,0x0028,FFF2,000000000A00
Oct 28 09:43:49.851,0x0041,F8:30:02:08:DF:00,Receive,Handle Value Notification,0x0028,FFF2,000000000A00
Oct 28 09:43:49.963,0x0041,F8:30:02:08:DF:00,Receive,Handle Value Notification,0x0028,FFF2,000000000A00
Oct 28 09:43:50.113,0x0041,F8:30:02:08:DF:00,Receive,Handle Value Notification,0x0028,FFF2,000000000A00
Oct 28 09:43:50.226,0x0041,F8:30:02:08:DF:00,Receive,Handle Value Notification,0x0028,FFF2,000000000A00
Oct 28 09:43:50.338,0x0041,F8:30:02:08:DF:00,Receive,Handle Value Notification,0x0028,FFF2,000000000A00
Oct 28 09:43:50.451,0x0041,F8:30:02:08:DF:00,Receive,Handle Value Notification,0x0028,FFF2,000000000A00
Oct 28 09:43:50.563,0x0041,F8:30:02:08:DF:00,Receive,Handle Value Notification,0x0028,FFF2,000000000A00
Oct 28 09:43:50.713,0x0041,F8:30:02:08:DF:00,Receive,Handle Value Notification,0x0028,FFF2,000000000A00
Oct 28 09:43:50.826,0x0041,F8:30:02:08:DF:00,Receive,Handle Value Notification,0x0028,FFF2,000000000A00
Oct 28 09:43:50.938,0x0041,F8:30:02:08:DF:00,Receive,Handle Value Notification,0x0028,FFF2,000000000A00
Oct 28 09:43:51.051,0x0041,F8:30:02:08:DF:00,Receive,Handle Value Notification,0x0028,FFF2,000000000A00
Oct 28 09:43:51.163,0x0041,F8:30:02:08:DF:00,Receive,Handle Value Notification,0x0028,FFF2,000000000A00
Oct 28 09:43:51.313,0x0041,F8:30:02:08:DF:00,Receive,Handle Value Notification,0x0028,FFF2,000000000A00
Oct 28 09:43:51.426,0x0041,F8:30:02:08:DF:00,Receive,Handle Value Notification,0x0028,FFF2,000000000A00
Oct 28 09:43:51.538,0x0041,F8:30:02:08:DF:00,Receive,Handle Value Notification,0x0028,FFF2,000000000A00
Oct 28 09:43:51.651,0x0041,F8:30:02:08:DF:00,Receive,Handle Value Notification,0x0028,FFF2,000000000A00
Oct 28 09:43:51.763,0x0041,F8:30:02:08:DF:00,Receive,Handle Value Notification,0x0028,FFF2,000000000A00
Oct 28 09:43:51.913,0x0041,F8:30:02:08:DF:00,Receive,Handle Value Notification,0x0028,FFF2,000000000A00
Oct 28 09:43:52.026,0x0041,F8:30:02:08:DF:00,Receive,Handle Value Notification,0x0028,FFF2,000000000A00
Oct 28 09:43:52.138,0x0041,F8:30:02:08:DF:00,Receive,Handle Value Notification,0x0028,FFF2,000000000A00
Oct 28 09:43:52.251,0x0041,F8:30:02:08:DF:00,Receive,Handle Value Notification,0x0028,FFF2,000000000A00
Oct 28 09:43:52.363,0x0041,F8:30:02:08:DF:00,Receive,Handle Value Notification,0x0028,FFF2,000000000A00
Oct 28 09:43:52.513,0x0041,F8:30:02:08:DF:00,Receive,Handle Value Notification,0x0028,FFF2,000000000A00
Oct 28 09:43:52.663,0x0041,F8:30:02:08:DF:00,Receive,Handle Value Notification,0x0028,FFF2,000000000A00
Oct 28 09:43:52.738,0x0041,F8:30:02:08:DF:00,Receive,Handle Value Notification,0x0028,FFF2,000000000A00
Oct 28 09:43:52.851,0x0041,F8:30:02:08:DF:00,Receive,Handle Value Notification,0x0028,FFF2,000000000A00
Oct 28 09:43:53.001,0x0041,F8:30:02:08:DF:00,Receive,Handle Value Notification,0x0028,FFF2,000000000A00
Oct 28 09:43:53.113,0x0041,F8:30:02:08:DF:00,Receive,Handle Value Notification,0x0028,FFF2,000000000A00
Oct 28 09:43:53.226,0x0041,F8:30:02:08:DF:00,Receive,Handle Value Notification,0x0028,FFF2,000000000A00
Oct 28 09:43:53.338,0x0041,F8:30:02:08:DF:00,Receive,Handle Value Notification,0x0028,FFF2,000000000A00
Oct 28 09:43:53.451,0x0041,F8:30:02:08:DF:00,Receive,Handle Value Notification,0x0028,FFF2,000000000A00
Oct 28 09:43:53.563,0x0041,F8:30:02:08:DF:00,Receive,Handle Value Notification,0x0028,FFF2,000000000A00
Oct 28 09:43:53.713,0x0041,F8:30:02:08:DF:00,Receive,Handle Value Notification,0x0028,FFF2,000000000A00
Oct 28 09:43:53.826,0x0041,F8:30:02:08:DF:00,Receive,Handle Value Notification,0x0028,FFF2,000000000A00
Oct 28 09:43:53.938,0x0041,F8:30:02:08:DF:00,Receive,Handle Value Notification,0x0028,FFF2,000000000A00
Oct 28 09:43:54.051,0x0041,F8:30:02:08:DF:00,Receive,Handle Value Notification,0x0028,FFF2,000000000A00
Oct 28 09:43:54.163,0x0041,F8:30:02:08:DF:00,Receive,Handle Value Notification,0x0028,FFF2,000000000A00
Oct 28 09:43:54.313,0x0041,F8:30:02:08:DF:00,Receive,Handle Value Notification,0x0028,FFF2,000000000A00
Oct 28 09:43:54.426,0x0041,F8:30:02:08:DF:00,Receive,Handle Value Notification,0x0028,FFF2,000000000A00
Oct 28 09:43:54.538,0x0041,F8:30:02:08:DF:00,Receive,Handle Value Notification,0x0028,FFF2,000000000A00
Oct 28 09:43:54.651,0x0041,F8:30:02:08:DF:00,Receive,Handle Value Notification,0x0028,FFF2,000000000A00
Oct 28 09:43:54.763,0x0041,F8:30:02:08:DF:00,Receive,Handle Value Notification,0x0028,FFF2,000000000A00
Oct 28 09:43:54.913,0x0041,F8:30:02:08:DF:00,Receive,Handle Value Notification,0x0028,FFF2,000000000A00
Oct 28 09:43:55.026,0x0041,F8:30:02:08:DF:00,Receive,Handle Value Notification,0x0028,FFF2,000000000A00
Oct 28 09:43:55.138,0x0041,F8:30:02:08:DF:00,Receive,Handle Value Notification,0x0028,FFF2,000000000A00
Oct 28 09:43:55.251,0x0041,F8:30:02:08:DF:00,Receive,Handle Value Notification,0x0028,FFF2,000000000A00
Oct 28 09:43:55.363,0x0041,F8:30:02:08:DF:00,Receive,Handle Value Notification,0x0028,FFF2,000000000A00
Oct 28 09:43:55.513,0x0041,F8:30:02:08:DF:00,Receive,Handle Value Notification,0x0028,FFF2,000000000A00
Oct 28 09:43:55.626,0x0041,F8:30:02:08:DF:00,Receive,Handle Value Notification,0x0028,FFF2,000000000A00
Oct 28 09:43:55.739,0x0041,F8:30:02:08:DF:00,Receive,Handle Value Notification,0x0028,FFF2,000000000A00
Oct 28 09:43:55.851,0x0041,F8:30:02:08:DF:00,Receive,Handle Value Notification,0x0028,FFF2,000000000A00
Oct 28 09:43:55.963,0x0041,F8:30:02:08:DF:00,Receive,Handle Value Notification,0x0028,FFF2,000000000A00
Oct 28 09:43:56.113,0x0041,F8:30:02:08:DF:00,Receive,Handle Value Notification,0x0028,FFF2,000000000A00
Oct 28 09:43:56.226,0x0041,F8:30:02:08:DF:00,Receive,Handle Value Notification,0x0028,FFF2,000000000A00
Oct 28 09:43:56.339,0x0041,F8:30:02:08:DF:00,Receive,Handle Value Notification,0x0028,FFF2,000000000A00
Oct 28 09:43:56.451,0x0041,F8:30:02:08:DF:00,Receive,Handle Value Notification,0x0028,FFF2,000000000A00
Oct 28 09:43:56.563,0x0041,F8:30:02:08:DF:00,Receive,Handle Value Notification,0x0028,FFF2,000000000A00
Oct 28 09:43:56.713,0x0041,F8:30:02:08:DF:00,Receive,Handle Value Notification,0x0028,FFF2,000000000A00
Oct 28 09:43:56.826,0x0041,F8:30:02:08:DF:00,Receive,Handle Value Notification,0x0028,FFF2,000000000A00
Oct 28 09:43:56.939,0x0041,F8:30:02:08:DF:00,Receive,Handle Value Notification,0x0028,FFF2,000000000A00
Oct 28 09:43:57.051,0x0041,F8:30:02:08:DF:00,Receive,Handle Value Notification,0x0028,FFF2,000000000A00
Oct 28 09:43:57.163,0x0041,F8:30:02:08:DF:00,Receive,Handle Value Notification,0x0028,FFF2,000000000A00
Oct 28 09:43:57.313,0x0041,F8:30:02:08:DF:00,Receive,Handle Value Notification,0x0028,FFF2,000000000A00
Oct 28 09:43:57.391,0x0041,F8:30:02:08:DF:00,Send,Write Request,0x0029,FFF2,
